[{"pk": 1, "model": "therapyedge.msisdn", "fields": {"msisdn": "27821111111"}}, {"pk": 2, "model": "therapyedge.msisdn", "fields": {"msisdn": "27822222222"}}, {"pk": 1, "model": "therapyedge.contact", "fields": {"msisdns": [1], "active_msisdn": null}}, {"pk": 2, "model": "therapyedge.contact", "fields": {"msisdns": [2], "active_msisdn": null}}, {"pk": 3, "model": "therapyedge.contact", "fields": {"msisdns": [], "active_msisdn": 1}}, {"pk": 1, "model": "therapyedge.language", "fields": {"tomorrow_message": "See you at the clinic tomorrow morning.", "attended_message": "Thank you for attending your clinic visit! We will remind you of your next visit closer to the time.", "twoweeks_message": "You have an visit at the clinic on %(date)s. Send a please call me to 0820878470 if you cannot attend.", "name": "English", "missed_message": "You missed your visit. Send a please call me to 0820878470 and we will call you to make a new visit. Or call 0114890878 Mon to Fri 8am to 4pm."}}, {"pk": 2, "model": "therapyedge.language", "fields": {"tomorrow_message": "See you at the clinic tomorrow morning.", "attended_message": "Thank you for attending your clinic visit! We will remind you of your next visit closer to the time.", "twoweeks_message": "You have an visit at the clinic on %(date)s. Send a please call me to 0820878470 if you cannot attend.", "name": "Afrikaans", "missed_message": "You missed your visit. Send a please call me to 0820878470 and we will call you to make a new visit. Or call 0114890878 Mon to Fri 8am to 4pm."}}, {"pk": 3, "model": "therapyedge.language", "fields": {"tomorrow_message": "See you at the clinic tomorrow morning.", "attended_message": "Thank you for attending your clinic visit! We will remind you of your next visit closer to the time.", "twoweeks_message": "You have an visit at the clinic on %(date)s. Send a please call me to 0820878470 if you cannot attend.", "name": "Zulu", "missed_message": "You missed your visit. Send a please call me to 0820878470 and we will call you to make a new visit. Or call 0114890878 Mon to Fri 8am to 4pm."}}, {"pk": 4, "model": "therapyedge.language", "fields": {"tomorrow_message": "See you at the clinic tomorrow morning.", "attended_message": "Thank you for attending your clinic visit! We will remind you of your next visit closer to the time.", "twoweeks_message": "You have an visit at the clinic on %(date)s. Send a please call me to 0820878470 if you cannot attend.", "name": "Xhosa", "missed_message": "You missed your visit. Send a please call me to 0820878470 and we will call you to make a new visit. Or call 0114890878 Mon to Fri 8am to 4pm."}}, {"pk": 5, "model": "therapyedge.language", "fields": {"tomorrow_message": "See you at the clinic tomorrow morning.", "attended_message": "Thank you for attending your clinic visit! We will remind you of your next visit closer to the time.", "twoweeks_message": "You have an visit at the clinic on %(date)s. Send a please call me to 0820878470 if you cannot attend.", "name": "Ndebele", "missed_message": "You missed your visit. Send a please call me to 0820878470 and we will call you to make a new visit. Or call 0114890878 Mon to Fri 8am to 4pm."}}, {"pk": 6, "model": "therapyedge.language", "fields": {"tomorrow_message": "See you at the clinic tomorrow morning.", "attended_message": "Thank you for attending your clinic visit! We will remind you of your next visit closer to the time.", "twoweeks_message": "You have an visit at the clinic on %(date)s. Send a please call me to 0820878470 if you cannot attend.", "name": "Venda", "missed_message": "You missed your visit. Send a please call me to 0820878470 and we will call you to make a new visit. Or call 0114890878 Mon to Fri 8am to 4pm."}}, {"pk": 7, "model": "therapyedge.language", "fields": {"tomorrow_message": "See you at the clinic tomorrow morning.", "attended_message": "Thank you for attending your clinic visit! We will remind you of your next visit closer to the time.", "twoweeks_message": "You have an visit at the clinic on %(date)s. Send a please call me to 0820878470 if you cannot attend.", "name": "Swati", "missed_message": "You missed your visit. Send a please call me to 0820878470 and we will call you to make a new visit. Or call 0114890878 Mon to Fri 8am to 4pm."}}, {"pk": 8, "model": "therapyedge.language", "fields": {"tomorrow_message": "See you at the clinic tomorrow morning.", "attended_message": "Thank you for attending your clinic visit! We will remind you of your next visit closer to the time.", "twoweeks_message": "You have an visit at the clinic on %(date)s. Send a please call me to 0820878470 if you cannot attend.", "name": "Sesotho", "missed_message": "You missed your visit. Send a please call me to 0820878470 and we will call you to make a new visit. Or call 0114890878 Mon to Fri 8am to 4pm."}}, {"pk": 9, "model": "therapyedge.language", "fields": {"tomorrow_message": "See you at the clinic tomorrow morning.", "attended_message": "Thank you for attending your clinic visit! We will remind you of your next visit closer to the time.", "twoweeks_message": "You have an visit at the clinic on %(date)s. Send a please call me to 0820878470 if you cannot attend.", "name": "Sepedi", "missed_message": "You missed your visit. Send a please call me to 0820878470 and we will call you to make a new visit. Or call 0114890878 Mon to Fri 8am to 4pm."}}, {"pk": 10, "model": "therapyedge.language", "fields": {"tomorrow_message": "See you at the clinic tomorrow morning.", "attended_message": "Thank you for attending your clinic visit! We will remind you of your next visit closer to the time.", "twoweeks_message": "You have an visit at the clinic on %(date)s. Send a please call me to 0820878470 if you cannot attend.", "name": "Tsonga", "missed_message": "You missed your visit. Send a please call me to 0820878470 and we will call you to make a new visit. Or call 0114890878 Mon to Fri 8am to 4pm."}}, {"pk": 11, "model": "therapyedge.language", "fields": {"tomorrow_message": "See you at the clinic tomorrow morning.", "attended_message": "Thank you for attending your clinic visit! We will remind you of your next visit closer to the time.", "twoweeks_message": "You have an visit at the clinic on %(date)s. Send a please call me to 0820878470 if you cannot attend.", "name": "Tswana", "missed_message": "You missed your visit. Send a please call me to 0820878470 and we will call you to make a new visit. Or call 0114890878 Mon to Fri 8am to 4pm."}}, {"pk": 2, "model": "therapyedge.clinic", "fields": {"group": null, "name": "Crosby", "te_id": "25"}}, {"pk": 1, "model": "therapyedge.clinic", "fields": {"group": null, "name": "Test Clinic", "te_id": "01"}}, {"pk": 1, "model": "therapyedge.patient", "fields": {"last_clinic": null, "language": 1, "age": 33, "sex": "m", "msisdns": [1], "disclosed": true, "risk_profile": null, "te_id": "01-12345", "opted_in": true, "deceased": false}}, {"pk": 2, "model": "therapyedge.patient", "fields": {"last_clinic": null, "language": 1, "age": 23, "sex": "f", "msisdns": [2], "disclosed": true, "risk_profile": null, "te_id": "02-12345", "opted_in": true, "deceased": false}}, {"pk": 3, "model": "therapyedge.patient", "fields": {"last_clinic": 2, "language": 1, "age": 29, "sex": "m", "msisdns": [], "disclosed": false, "risk_profile": 1.0, "te_id": "123456", "opted_in": false, "deceased": false}}, {"pk": 11, "model": "therapyedge.visit", "fields": {"date": "2009-10-01", "status": "m", "clinic": 2, "patient": 3, "visit_type": ""}}, {"pk": 2, "model": "therapyedge.visit", "fields": {"date": "2009-10-01", "status": "m", "clinic": 2, "patient": 3, "visit_type": ""}}, {"pk": 3, "model": "therapyedge.visit", "fields": {"date": "2009-10-01", "status": "m", "clinic": 2, "patient": 3, "visit_type": ""}}, {"pk": 4, "model": "therapyedge.visit", "fields": {"date": "2009-10-01", "status": "m", "clinic": 2, "patient": 3, "visit_type": ""}}, {"pk": 5, "model": "therapyedge.visit", "fields": {"date": "2009-10-01", "status": "m", "clinic": 2, "patient": 3, "visit_type": ""}}, {"pk": 6, "model": "therapyedge.visit", "fields": {"date": "2009-10-01", "status": "m", "clinic": 2, "patient": 3, "visit_type": ""}}, {"pk": 7, "model": "therapyedge.visit", "fields": {"date": "2009-10-01", "status": "m", "clinic": 2, "patient": 3, "visit_type": ""}}, {"pk": 8, "model": "therapyedge.visit", "fields": {"date": "2009-10-01", "status": "m", "clinic": 2, "patient": 3, "visit_type": ""}}, {"pk": 9, "model": "therapyedge.visit", "fields": {"date": "2009-10-01", "status": "m", "clinic": 2, "patient": 3, "visit_type": ""}}, {"pk": 10, "model": "therapyedge.visit", "fields": {"date": "2009-10-01", "status": "m", "clinic": 2, "patient": 3, "visit_type": ""}}, {"pk": 51, "model": "therapyedge.visit", "fields": {"date": "2009-10-02", "status": "m", "clinic": 2, "patient": 3, "visit_type": ""}}, {"pk": 52, "model": "therapyedge.visit", "fields": {"date": "2009-10-02", "status": "m", "clinic": 2, "patient": 3, "visit_type": ""}}, {"pk": 53, "model": "therapyedge.visit", "fields": {"date": "2009-10-02", "status": "m", "clinic": 2, "patient": 3, "visit_type": ""}}, {"pk": 54, "model": "therapyedge.visit", "fields": {"date": "2009-10-02", "status": "m", "clinic": 2, "patient": 3, "visit_type": ""}}, {"pk": 55, "model": "therapyedge.visit", "fields": {"date": "2009-10-02", "status": "m", "clinic": 2, "patient": 3, "visit_type": ""}}, {"pk": 56, "model": "therapyedge.visit", "fields": {"date": "2009-10-02", "status": "m", "clinic": 2, "patient": 3, "visit_type": ""}}, {"pk": 57, "model": "therapyedge.visit", "fields": {"date": "2009-10-02", "status": "m", "clinic": 2, "patient": 3, "visit_type": ""}}, {"pk": 58, "model": "therapyedge.visit", "fields": {"date": "2009-10-02", "status": "m", "clinic": 2, "patient": 3, "visit_type": ""}}, {"pk": 59, "model": "therapyedge.visit", "fields": {"date": "2009-10-02", "status": "m", "clinic": 2, "patient": 3, "visit_type": ""}}, {"pk": 60, "model": "therapyedge.visit", "fields": {"date": "2009-10-02", "status": "m", "clinic": 2, "patient": 3, "visit_type": ""}}, {"pk": 61, "model": "therapyedge.visit", "fields": {"date": "2009-10-02", "status": "m", "clinic": 2, "patient": 3, "visit_type": ""}}, {"pk": 62, "model": "therapyedge.visit", "fields": {"date": "2009-10-02", "status": "m", "clinic": 2, "patient": 3, "visit_type": ""}}, {"pk": 12, "model": "therapyedge.visit", "fields": {"date": "2009-10-02", "status": "m", "clinic": 2, "patient": 3, "visit_type": ""}}, {"pk": 13, "model": "therapyedge.visit", "fields": {"date": "2009-10-02", "status": "m", "clinic": 2, "patient": 3, "visit_type": ""}}, {"pk": 14, "model": "therapyedge.visit", "fields": {"date": "2009-10-02", "status": "m", "clinic": 2, "patient": 3, "visit_type": ""}}, {"pk": 15, "model": "therapyedge.visit", "fields": {"date": "2009-10-02", "status": "m", "clinic": 2, "patient": 3, "visit_type": ""}}, {"pk": 16, "model": "therapyedge.visit", "fields": {"date": "2009-10-02", "status": "m", "clinic": 2, "patient": 3, "visit_type": ""}}, {"pk": 17, "model": "therapyedge.visit", "fields": {"date": "2009-10-02", "status": "m", "clinic": 2, "patient": 3, "visit_type": ""}}, {"pk": 18, "model": "therapyedge.visit", "fields": {"date": "2009-10-02", "status": "m", "clinic": 2, "patient": 3, "visit_type": ""}}, {"pk": 19, "model": "therapyedge.visit", "fields": {"date": "2009-10-02", "status": "m", "clinic": 2, "patient": 3, "visit_type": ""}}, {"pk": 20, "model": "therapyedge.visit", "fields": {"date": "2009-10-02", "status": "m", "clinic": 2, "patient": 3, "visit_type": ""}}, {"pk": 21, "model": "therapyedge.visit", "fields": {"date": "2009-10-02", "status": "m", "clinic": 2, "patient": 3, "visit_type": ""}}, {"pk": 22, "model": "therapyedge.visit", "fields": {"date": "2009-10-02", "status": "m", "clinic": 2, "patient": 3, "visit_type": ""}}, {"pk": 23, "model": "therapyedge.visit", "fields": {"date": "2009-10-02", "status": "m", "clinic": 2, "patient": 3, "visit_type": ""}}, {"pk": 24, "model": "therapyedge.visit", "fields": {"date": "2009-10-02", "status": "m", "clinic": 2, "patient": 3, "visit_type": ""}}, {"pk": 25, "model": "therapyedge.visit", "fields": {"date": "2009-10-02", "status": "m", "clinic": 2, "patient": 3, "visit_type": ""}}, {"pk": 26, "model": "therapyedge.visit", "fields": {"date": "2009-10-02", "status": "m", "clinic": 2, "patient": 3, "visit_type": ""}}, {"pk": 27, "model": "therapyedge.visit", "fields": {"date": "2009-10-02", "status": "m", "clinic": 2, "patient": 3, "visit_type": ""}}, {"pk": 28, "model": "therapyedge.visit", "fields": {"date": "2009-10-02", "status": "m", "clinic": 2, "patient": 3, "visit_type": ""}}, {"pk": 29, "model": "therapyedge.visit", "fields": {"date": "2009-10-02", "status": "m", "clinic": 2, "patient": 3, "visit_type": ""}}, {"pk": 30, "model": "therapyedge.visit", "fields": {"date": "2009-10-02", "status": "m", "clinic": 2, "patient": 3, "visit_type": ""}}, {"pk": 31, "model": "therapyedge.visit", "fields": {"date": "2009-10-02", "status": "m", "clinic": 2, "patient": 3, "visit_type": ""}}, {"pk": 32, "model": "therapyedge.visit", "fields": {"date": "2009-10-02", "status": "m", "clinic": 2, "patient": 3, "visit_type": ""}}, {"pk": 33, "model": "therapyedge.visit", "fields": {"date": "2009-10-02", "status": "m", "clinic": 2, "patient": 3, "visit_type": ""}}, {"pk": 34, "model": "therapyedge.visit", "fields": {"date": "2009-10-02", "status": "m", "clinic": 2, "patient": 3, "visit_type": ""}}, {"pk": 35, "model": "therapyedge.visit", "fields": {"date": "2009-10-02", "status": "m", "clinic": 2, "patient": 3, "visit_type": ""}}, {"pk": 36, "model": "therapyedge.visit", "fields": {"date": "2009-10-02", "status": "m", "clinic": 2, "patient": 3, "visit_type": ""}}, {"pk": 37, "model": "therapyedge.visit", "fields": {"date": "2009-10-02", "status": "m", "clinic": 2, "patient": 3, "visit_type": ""}}, {"pk": 38, "model": "therapyedge.visit", "fields": {"date": "2009-10-02", "status": "m", "clinic": 2, "patient": 3, "visit_type": ""}}, {"pk": 39, "model": "therapyedge.visit", "fields": {"date": "2009-10-02", "status": "m", "clinic": 2, "patient": 3, "visit_type": ""}}, {"pk": 41, "model": "therapyedge.visit", "fields": {"date": "2009-10-02", "status": "m", "clinic": 2, "patient": 3, "visit_type": ""}}, {"pk": 40, "model": "therapyedge.visit", "fields": {"date": "2009-10-02", "status": "m", "clinic": 2, "patient": 3, "visit_type": ""}}, {"pk": 42, "model": "therapyedge.visit", "fields": {"date": "2009-10-02", "status": "m", "clinic": 2, "patient": 3, "visit_type": ""}}, {"pk": 43, "model": "therapyedge.visit", "fields": {"date": "2009-10-02", "status": "m", "clinic": 2, "patient": 3, "visit_type": ""}}, {"pk": 44, "model": "therapyedge.visit", "fields": {"date": "2009-10-02", "status": "m", "clinic": 2, "patient": 3, "visit_type": ""}}, {"pk": 45, "model": "therapyedge.visit", "fields": {"date": "2009-10-02", "status": "m", "clinic": 2, "patient": 3, "visit_type": ""}}, {"pk": 46, "model": "therapyedge.visit", "fields": {"date": "2009-10-02", "status": "m", "clinic": 2, "patient": 3, "visit_type": ""}}, {"pk": 47, "model": "therapyedge.visit", "fields": {"date": "2009-10-02", "status": "m", "clinic": 2, "patient": 3, "visit_type": ""}}, {"pk": 48, "model": "therapyedge.visit", "fields": {"date": "2009-10-02", "status": "m", "clinic": 2, "patient": 3, "visit_type": ""}}, {"pk": 49, "model": "therapyedge.visit", "fields": {"date": "2009-10-02", "status": "m", "clinic": 2, "patient": 3, "visit_type": ""}}, {"pk": 50, "model": "therapyedge.visit", "fields": {"date": "2009-10-02", "status": "m", "clinic": 2, "patient": 3, "visit_type": ""}}, {"pk": 123, "model": "therapyedge.visit", "fields": {"date": "2009-10-03", "status": "m", "clinic": 2, "patient": 3, "visit_type": ""}}, {"pk": 124, "model": "therapyedge.visit", "fields": {"date": "2009-10-03", "status": "m", "clinic": 2, "patient": 3, "visit_type": ""}}, {"pk": 125, "model": "therapyedge.visit", "fields": {"date": "2009-10-03", "status": "m", "clinic": 2, "patient": 3, "visit_type": ""}}, {"pk": 126, "model": "therapyedge.visit", "fields": {"date": "2009-10-03", "status": "m", "clinic": 2, "patient": 3, "visit_type": ""}}, {"pk": 127, "model": "therapyedge.visit", "fields": {"date": "2009-10-03", "status": "m", "clinic": 2, "patient": 3, "visit_type": ""}}, {"pk": 128, "model": "therapyedge.visit", "fields": {"date": "2009-10-03", "status": "m", "clinic": 2, "patient": 3, "visit_type": ""}}, {"pk": 129, "model": "therapyedge.visit", "fields": {"date": "2009-10-03", "status": "m", "clinic": 2, "patient": 3, "visit_type": ""}}, {"pk": 130, "model": "therapyedge.visit", "fields": {"date": "2009-10-03", "status": "m", "clinic": 2, "patient": 3, "visit_type": ""}}, {"pk": 131, "model": "therapyedge.visit", "fields": {"date": "2009-10-03", "status": "m", "clinic": 2, "patient": 3, "visit_type": ""}}, {"pk": 132, "model": "therapyedge.visit", "fields": {"date": "2009-10-03", "status": "m", "clinic": 2, "patient": 3, "visit_type": ""}}, {"pk": 133, "model": "therapyedge.visit", "fields": {"date": "2009-10-03", "status": "m", "clinic": 2, "patient": 3, "visit_type": ""}}, {"pk": 134, "model": "therapyedge.visit", "fields": {"date": "2009-10-03", "status": "m", "clinic": 2, "patient": 3, "visit_type": ""}}, {"pk": 135, "model": "therapyedge.visit", "fields": {"date": "2009-10-03", "status": "m", "clinic": 2, "patient": 3, "visit_type": ""}}, {"pk": 136, "model": "therapyedge.visit", "fields": {"date": "2009-10-03", "status": "m", "clinic": 2, "patient": 3, "visit_type": ""}}, {"pk": 137, "model": "therapyedge.visit", "fields": {"date": "2009-10-03", "status": "m", "clinic": 2, "patient": 3, "visit_type": ""}}, {"pk": 138, "model": "therapyedge.visit", "fields": {"date": "2009-10-03", "status": "m", "clinic": 2, "patient": 3, "visit_type": ""}}, {"pk": 139, "model": "therapyedge.visit", "fields": {"date": "2009-10-03", "status": "m", "clinic": 2, "patient": 3, "visit_type": ""}}, {"pk": 140, "model": "therapyedge.visit", "fields": {"date": "2009-10-03", "status": "m", "clinic": 2, "patient": 3, "visit_type": ""}}, {"pk": 141, "model": "therapyedge.visit", "fields": {"date": "2009-10-03", "status": "m", "clinic": 2, "patient": 3, "visit_type": ""}}, {"pk": 142, "model": "therapyedge.visit", "fields": {"date": "2009-10-03", "status": "m", "clinic": 2, "patient": 3, "visit_type": ""}}, {"pk": 143, "model": "therapyedge.visit", "fields": {"date": "2009-10-03", "status": "m", "clinic": 2, "patient": 3, "visit_type": ""}}, {"pk": 144, "model": "therapyedge.visit", "fields": {"date": "2009-10-03", "status": "m", "clinic": 2, "patient": 3, "visit_type": ""}}, {"pk": 145, "model": "therapyedge.visit", "fields": {"date": "2009-10-03", "status": "m", "clinic": 2, "patient": 3, "visit_type": ""}}, {"pk": 146, "model": "therapyedge.visit", "fields": {"date": "2009-10-03", "status": "m", "clinic": 2, "patient": 3, "visit_type": ""}}, {"pk": 147, "model": "therapyedge.visit", "fields": {"date": "2009-10-03", "status": "m", "clinic": 2, "patient": 3, "visit_type": ""}}, {"pk": 148, "model": "therapyedge.visit", "fields": {"date": "2009-10-03", "status": "m", "clinic": 2, "patient": 3, "visit_type": ""}}, {"pk": 149, "model": "therapyedge.visit", "fields": {"date": "2009-10-03", "status": "m", "clinic": 2, "patient": 3, "visit_type": ""}}, {"pk": 150, "model": "therapyedge.visit", "fields": {"date": "2009-10-03", "status": "m", "clinic": 2, "patient": 3, "visit_type": ""}}, {"pk": 151, "model": "therapyedge.visit", "fields": {"date": "2009-10-03", "status": "m", "clinic": 2, "patient": 3, "visit_type": ""}}, {"pk": 152, "model": "therapyedge.visit", "fields": {"date": "2009-10-03", "status": "m", "clinic": 2, "patient": 3, "visit_type": ""}}, {"pk": 153, "model": "therapyedge.visit", "fields": {"date": "2009-10-03", "status": "m", "clinic": 2, "patient": 3, "visit_type": ""}}, {"pk": 154, "model": "therapyedge.visit", "fields": {"date": "2009-10-03", "status": "m", "clinic": 2, "patient": 3, "visit_type": ""}}, {"pk": 155, "model": "therapyedge.visit", "fields": {"date": "2009-10-03", "status": "m", "clinic": 2, "patient": 3, "visit_type": ""}}, {"pk": 156, "model": "therapyedge.visit", "fields": {"date": "2009-10-03", "status": "m", "clinic": 2, "patient": 3, "visit_type": ""}}, {"pk": 157, "model": "therapyedge.visit", "fields": {"date": "2009-10-03", "status": "m", "clinic": 2, "patient": 3, "visit_type": ""}}, {"pk": 158, "model": "therapyedge.visit", "fields": {"date": "2009-10-03", "status": "m", "clinic": 2, "patient": 3, "visit_type": ""}}, {"pk": 159, "model": "therapyedge.visit", "fields": {"date": "2009-10-03", "status": "m", "clinic": 2, "patient": 3, "visit_type": ""}}, {"pk": 160, "model": "therapyedge.visit", "fields": {"date": "2009-10-03", "status": "m", "clinic": 2, "patient": 3, "visit_type": ""}}, {"pk": 161, "model": "therapyedge.visit", "fields": {"date": "2009-10-03", "status": "m", "clinic": 2, "patient": 3, "visit_type": ""}}, {"pk": 162, "model": "therapyedge.visit", "fields": {"date": "2009-10-03", "status": "m", "clinic": 2, "patient": 3, "visit_type": ""}}, {"pk": 163, "model": "therapyedge.visit", "fields": {"date": "2009-10-03", "status": "m", "clinic": 2, "patient": 3, "visit_type": ""}}, {"pk": 63, "model": "therapyedge.visit", "fields": {"date": "2009-10-03", "status": "m", "clinic": 2, "patient": 3, "visit_type": ""}}, {"pk": 64, "model": "therapyedge.visit", "fields": {"date": "2009-10-03", "status": "m", "clinic": 2, "patient": 3, "visit_type": ""}}, {"pk": 65, "model": "therapyedge.visit", "fields": {"date": "2009-10-03", "status": "m", "clinic": 2, "patient": 3, "visit_type": ""}}, {"pk": 66, "model": "therapyedge.visit", "fields": {"date": "2009-10-03", "status": "m", "clinic": 2, "patient": 3, "visit_type": ""}}, {"pk": 67, "model": "therapyedge.visit", "fields": {"date": "2009-10-03", "status": "m", "clinic": 2, "patient": 3, "visit_type": ""}}, {"pk": 68, "model": "therapyedge.visit", "fields": {"date": "2009-10-03", "status": "m", "clinic": 2, "patient": 3, "visit_type": ""}}, {"pk": 69, "model": "therapyedge.visit", "fields": {"date": "2009-10-03", "status": "m", "clinic": 2, "patient": 3, "visit_type": ""}}, {"pk": 70, "model": "therapyedge.visit", "fields": {"date": "2009-10-03", "status": "m", "clinic": 2, "patient": 3, "visit_type": ""}}, {"pk": 71, "model": "therapyedge.visit", "fields": {"date": "2009-10-03", "status": "m", "clinic": 2, "patient": 3, "visit_type": ""}}, {"pk": 72, "model": "therapyedge.visit", "fields": {"date": "2009-10-03", "status": "m", "clinic": 2, "patient": 3, "visit_type": ""}}, {"pk": 73, "model": "therapyedge.visit", "fields": {"date": "2009-10-03", "status": "m", "clinic": 2, "patient": 3, "visit_type": ""}}, {"pk": 74, "model": "therapyedge.visit", "fields": {"date": "2009-10-03", "status": "m", "clinic": 2, "patient": 3, "visit_type": ""}}, {"pk": 75, "model": "therapyedge.visit", "fields": {"date": "2009-10-03", "status": "m", "clinic": 2, "patient": 3, "visit_type": ""}}, {"pk": 76, "model": "therapyedge.visit", "fields": {"date": "2009-10-03", "status": "m", "clinic": 2, "patient": 3, "visit_type": ""}}, {"pk": 77, "model": "therapyedge.visit", "fields": {"date": "2009-10-03", "status": "m", "clinic": 2, "patient": 3, "visit_type": ""}}, {"pk": 78, "model": "therapyedge.visit", "fields": {"date": "2009-10-03", "status": "m", "clinic": 2, "patient": 3, "visit_type": ""}}, {"pk": 79, "model": "therapyedge.visit", "fields": {"date": "2009-10-03", "status": "m", "clinic": 2, "patient": 3, "visit_type": ""}}, {"pk": 80, "model": "therapyedge.visit", "fields": {"date": "2009-10-03", "status": "m", "clinic": 2, "patient": 3, "visit_type": ""}}, {"pk": 81, "model": "therapyedge.visit", "fields": {"date": "2009-10-03", "status": "m", "clinic": 2, "patient": 3, "visit_type": ""}}, {"pk": 82, "model": "therapyedge.visit", "fields": {"date": "2009-10-03", "status": "m", "clinic": 2, "patient": 3, "visit_type": ""}}, {"pk": 83, "model": "therapyedge.visit", "fields": {"date": "2009-10-03", "status": "m", "clinic": 2, "patient": 3, "visit_type": ""}}, {"pk": 84, "model": "therapyedge.visit", "fields": {"date": "2009-10-03", "status": "m", "clinic": 2, "patient": 3, "visit_type": ""}}, {"pk": 85, "model": "therapyedge.visit", "fields": {"date": "2009-10-03", "status": "m", "clinic": 2, "patient": 3, "visit_type": ""}}, {"pk": 86, "model": "therapyedge.visit", "fields": {"date": "2009-10-03", "status": "m", "clinic": 2, "patient": 3, "visit_type": ""}}, {"pk": 87, "model": "therapyedge.visit", "fields": {"date": "2009-10-03", "status": "m", "clinic": 2, "patient": 3, "visit_type": ""}}, {"pk": 88, "model": "therapyedge.visit", "fields": {"date": "2009-10-03", "status": "m", "clinic": 2, "patient": 3, "visit_type": ""}}, {"pk": 89, "model": "therapyedge.visit", "fields": {"date": "2009-10-03", "status": "m", "clinic": 2, "patient": 3, "visit_type": ""}}, {"pk": 90, "model": "therapyedge.visit", "fields": {"date": "2009-10-03", "status": "m", "clinic": 2, "patient": 3, "visit_type": ""}}, {"pk": 91, "model": "therapyedge.visit", "fields": {"date": "2009-10-03", "status": "m", "clinic": 2, "patient": 3, "visit_type": ""}}, {"pk": 92, "model": "therapyedge.visit", "fields": {"date": "2009-10-03", "status": "m", "clinic": 2, "patient": 3, "visit_type": ""}}, {"pk": 93, "model": "therapyedge.visit", "fields": {"date": "2009-10-03", "status": "m", "clinic": 2, "patient": 3, "visit_type": ""}}, {"pk": 94, "model": "therapyedge.visit", "fields": {"date": "2009-10-03", "status": "m", "clinic": 2, "patient": 3, "visit_type": ""}}, {"pk": 95, "model": "therapyedge.visit", "fields": {"date": "2009-10-03", "status": "m", "clinic": 2, "patient": 3, "visit_type": ""}}, {"pk": 96, "model": "therapyedge.visit", "fields": {"date": "2009-10-03", "status": "m", "clinic": 2, "patient": 3, "visit_type": ""}}, {"pk": 97, "model": "therapyedge.visit", "fields": {"date": "2009-10-03", "status": "m", "clinic": 2, "patient": 3, "visit_type": ""}}, {"pk": 98, "model": "therapyedge.visit", "fields": {"date": "2009-10-03", "status": "m", "clinic": 2, "patient": 3, "visit_type": ""}}, {"pk": 99, "model": "therapyedge.visit", "fields": {"date": "2009-10-03", "status": "m", "clinic": 2, "patient": 3, "visit_type": ""}}, {"pk": 100, "model": "therapyedge.visit", "fields": {"date": "2009-10-03", "status": "m", "clinic": 2, "patient": 3, "visit_type": ""}}, {"pk": 101, "model": "therapyedge.visit", "fields": {"date": "2009-10-03", "status": "m", "clinic": 2, "patient": 3, "visit_type": ""}}, {"pk": 102, "model": "therapyedge.visit", "fields": {"date": "2009-10-03", "status": "m", "clinic": 2, "patient": 3, "visit_type": ""}}, {"pk": 103, "model": "therapyedge.visit", "fields": {"date": "2009-10-03", "status": "m", "clinic": 2, "patient": 3, "visit_type": ""}}, {"pk": 104, "model": "therapyedge.visit", "fields": {"date": "2009-10-03", "status": "m", "clinic": 2, "patient": 3, "visit_type": ""}}, {"pk": 105, "model": "therapyedge.visit", "fields": {"date": "2009-10-03", "status": "m", "clinic": 2, "patient": 3, "visit_type": ""}}, {"pk": 106, "model": "therapyedge.visit", "fields": {"date": "2009-10-03", "status": "m", "clinic": 2, "patient": 3, "visit_type": ""}}, {"pk": 107, "model": "therapyedge.visit", "fields": {"date": "2009-10-03", "status": "m", "clinic": 2, "patient": 3, "visit_type": ""}}, {"pk": 108, "model": "therapyedge.visit", "fields": {"date": "2009-10-03", "status": "m", "clinic": 2, "patient": 3, "visit_type": ""}}, {"pk": 109, "model": "therapyedge.visit", "fields": {"date": "2009-10-03", "status": "m", "clinic": 2, "patient": 3, "visit_type": ""}}, {"pk": 110, "model": "therapyedge.visit", "fields": {"date": "2009-10-03", "status": "m", "clinic": 2, "patient": 3, "visit_type": ""}}, {"pk": 111, "model": "therapyedge.visit", "fields": {"date": "2009-10-03", "status": "m", "clinic": 2, "patient": 3, "visit_type": ""}}, {"pk": 112, "model": "therapyedge.visit", "fields": {"date": "2009-10-03", "status": "m", "clinic": 2, "patient": 3, "visit_type": ""}}, {"pk": 113, "model": "therapyedge.visit", "fields": {"date": "2009-10-03", "status": "m", "clinic": 2, "patient": 3, "visit_type": ""}}, {"pk": 114, "model": "therapyedge.visit", "fields": {"date": "2009-10-03", "status": "m", "clinic": 2, "patient": 3, "visit_type": ""}}, {"pk": 115, "model": "therapyedge.visit", "fields": {"date": "2009-10-03", "status": "m", "clinic": 2, "patient": 3, "visit_type": ""}}, {"pk": 116, "model": "therapyedge.visit", "fields": {"date": "2009-10-03", "status": "m", "clinic": 2, "patient": 3, "visit_type": ""}}, {"pk": 117, "model": "therapyedge.visit", "fields": {"date": "2009-10-03", "status": "m", "clinic": 2, "patient": 3, "visit_type": ""}}, {"pk": 118, "model": "therapyedge.visit", "fields": {"date": "2009-10-03", "status": "m", "clinic": 2, "patient": 3, "visit_type": ""}}, {"pk": 119, "model": "therapyedge.visit", "fields": {"date": "2009-10-03", "status": "m", "clinic": 2, "patient": 3, "visit_type": ""}}, {"pk": 120, "model": "therapyedge.visit", "fields": {"date": "2009-10-03", "status": "m", "clinic": 2, "patient": 3, "visit_type": ""}}, {"pk": 121, "model": "therapyedge.visit", "fields": {"date": "2009-10-03", "status": "m", "clinic": 2, "patient": 3, "visit_type": ""}}, {"pk": 122, "model": "therapyedge.visit", "fields": {"date": "2009-10-03", "status": "m", "clinic": 2, "patient": 3, "visit_type": ""}}, {"pk": 1, "model": "therapyedge.visit", "fields": {"date": "2100-06-01", "status": "s", "clinic": 1, "patient": 1, "visit_type": ""}}]
